id,filename
31acd188-f181-4f17-bb53-ffb2cce7b64d,https://api.mediehuset.net/images/bakeonline/bread-full07.jpg
3866a65c-a582-49f3-b7b7-9a66ee2026c5,https://api.mediehuset.net/images/bakeonline/bread-full08.jpg
418f451a-2405-4b56-841e-06dafb4d7f40,https://api.mediehuset.net/images/bakeonline/bread-full06.jpg
c03500b0-33bb-11ef-a9aa-001dd8b71d59,https://api.mediehuset.net/images/bakeonline/haandvaerkere.jpg
c03502f7-33bb-11ef-a9aa-001dd8b71d59,https://api.mediehuset.net/images/bakeonline/morgenhorn.jpg
c0350375-33bb-11ef-a9aa-001dd8b71d59,https://api.mediehuset.net/images/bakeonline/blaabaersnitter.jpg
c03503da-33bb-11ef-a9aa-001dd8b71d59,https://api.mediehuset.net/images/bakeonline/mysliboller.jpg
c035043b-33bb-11ef-a9aa-001dd8b71d59,https://api.mediehuset.net/images/bakeonline/rugbroedsboller.jpg
c0350498-33bb-11ef-a9aa-001dd8b71d59,https://api.mediehuset.net/images/bakeonline/aeblestykker.jpg
c03504f3-33bb-11ef-a9aa-001dd8b71d59,https://api.mediehuset.net/images/bakeonline/glutenfri_havrebroed.jpeg
c0350555-33bb-11ef-a9aa-001dd8b71d59,https://api.mediehuset.net/images/bakeonline/morgenhorn_med_marcipan.jpeg
c03505b1-33bb-11ef-a9aa-001dd8b71d59,https://api.mediehuset.net/images/bakeonline/hjemmebagte-krydderboller.jpeg
c035060a-33bb-11ef-a9aa-001dd8b71d59,https://api.mediehuset.net/images/bakeonline/svenske-snegle.jpg
c0350662-33bb-11ef-a9aa-001dd8b71d59,https://api.mediehuset.net/images/bakeonline/hjemmebagt-soenderjysk-rugbroed.jpeg
c03506bb-33bb-11ef-a9aa-001dd8b71d59,https://api.mediehuset.net/images/bakeonline/hjemmebagt-broed-med-kvaeder.jpeg
c0350713-33bb-11ef-a9aa-001dd8b71d59,https://api.mediehuset.net/images/bakeonline/stor-durumbolle.jpeg
c0350769-33bb-11ef-a9aa-001dd8b71d59,https://api.mediehuset.net/images/bakeonline/rugbroedsboller-med-chokolade.jpeg
c03507c2-33bb-11ef-a9aa-001dd8b71d59,https://api.mediehuset.net/images/bakeonline/rugkernebroed-med-abrikos-og-mandler.jpeg
c035081c-33bb-11ef-a9aa-001dd8b71d59,https://api.mediehuset.net/images/bakeonline/lette-flutes.jpeg
c0350870-33bb-11ef-a9aa-001dd8b71d59,https://api.mediehuset.net/images/bakeonline/hvidloegsflutes-med-krydderurter.jpeg
c03508c8-33bb-11ef-a9aa-001dd8b71d59,https://api.mediehuset.net/images/bakeonline/saftige-gulerodsboller.jpeg