id,title
4d87161b-33b8-11ef-a9aa-001dd8b71d59,Hvedemel
4d8718a5-33b8-11ef-a9aa-001dd8b71d59,Vand
4d871933-33b8-11ef-a9aa-001dd8b71d59,Mælk
4d8719a1-33b8-11ef-a9aa-001dd8b71d59,Sukker
4d871a09-33b8-11ef-a9aa-001dd8b71d59,Salt
4d871a6e-33b8-11ef-a9aa-001dd8b71d59,Citron
4d871ad1-33b8-11ef-a9aa-001dd8b71d59,Groft rugmel
4d871b34-33b8-11ef-a9aa-001dd8b71d59,Gær
4d871b95-33b8-11ef-a9aa-001dd8b71d59,Olie
4d871bf6-33b8-11ef-a9aa-001dd8b71d59,Æg
4d871c57-33b8-11ef-a9aa-001dd8b71d59,Brun Farin
4d871cb8-33b8-11ef-a9aa-001dd8b71d59,Rørsukker
4d871d18-33b8-11ef-a9aa-001dd8b71d59,Vand til pensling
4d871d7b-33b8-11ef-a9aa-001dd8b71d59,Smør
4d871dda-33b8-11ef-a9aa-001dd8b71d59,Birkes
4d871e3a-33b8-11ef-a9aa-001dd8b71d59,Æg til pensling
4d871e98-33b8-11ef-a9aa-001dd8b71d59,Mandelmel el. smuttede mandler
4d871efb-33b8-11ef-a9aa-001dd8b71d59,Hjortetaksalt
4d871f57-33b8-11ef-a9aa-001dd8b71d59,Vaniljesukker
4d871fad-33b8-11ef-a9aa-001dd8b71d59,Æggeblommer
4d8720f9-33b8-11ef-a9aa-001dd8b71d59,Flormelis
4d872170-33b8-11ef-a9aa-001dd8b71d59,Blåbærmarmelade
4d8721c6-33b8-11ef-a9aa-001dd8b71d59,Hvid chokolade
4d8722c9-33b8-11ef-a9aa-001dd8b71d59,Friske blåbær
4d872383-33b8-11ef-a9aa-001dd8b71d59,Lunkent vand
4d8723db-33b8-11ef-a9aa-001dd8b71d59,Grovvalsede havregryn 
4d87242b-33b8-11ef-a9aa-001dd8b71d59,Speltflager
4d872484-33b8-11ef-a9aa-001dd8b71d59,Solsikkekerner
4d8724d3-33b8-11ef-a9aa-001dd8b71d59,Valnødder
4d872523-33b8-11ef-a9aa-001dd8b71d59,Rosiner
4d872573-33b8-11ef-a9aa-001dd8b71d59,Hakkede dadler
4d8725c3-33b8-11ef-a9aa-001dd8b71d59,Surdej
4d872617-33b8-11ef-a9aa-001dd8b71d59,Flydende honning
4d872666-33b8-11ef-a9aa-001dd8b71d59,Kærnemælk
4d8726b6-33b8-11ef-a9aa-001dd8b71d59,Mørk øl
4d872705-33b8-11ef-a9aa-001dd8b71d59,Maltsirup
4d872752-33b8-11ef-a9aa-001dd8b71d59,Kakaopulver
4d8727a2-33b8-11ef-a9aa-001dd8b71d59,Skårne rugkerner
4d8727f2-33b8-11ef-a9aa-001dd8b71d59,Hørfrø
4d872842-33b8-11ef-a9aa-001dd8b71d59,Chiafrø
4d872890-33b8-11ef-a9aa-001dd8b71d59,Fuldkornshvedemel
4d8728df-33b8-11ef-a9aa-001dd8b71d59,Yoghurt
4d87292f-33b8-11ef-a9aa-001dd8b71d59,Revet æble
4d87297b-33b8-11ef-a9aa-001dd8b71d59,Blandede frø
4d8729c6-33b8-11ef-a9aa-001dd8b71d59,Rå marcipan
4d872a11-33b8-11ef-a9aa-001dd8b71d59,Tesukker til drys
4d872a5c-33b8-11ef-a9aa-001dd8b71d59,Stødt kardemomme
4d872aa9-33b8-11ef-a9aa-001dd8b71d59,Sammenpisket æg
4d872af3-33b8-11ef-a9aa-001dd8b71d59,Blødt smør
4d872b3e-33b8-11ef-a9aa-001dd8b71d59,Kanel
4d872b8a-33b8-11ef-a9aa-001dd8b71d59,Grahamsmel
4d872bd5-33b8-11ef-a9aa-001dd8b71d59,Rapsolie
4d872c1e-33b8-11ef-a9aa-001dd8b71d59,Fintrevet kvæde uden skræl og kernehus
4d872c76-33b8-11ef-a9aa-001dd8b71d59,Durummel
4d872cc2-33b8-11ef-a9aa-001dd8b71d59,Mørk chokolade
4d872d0d-33b8-11ef-a9aa-001dd8b71d59,Hasselnødder
4d872d55-33b8-11ef-a9aa-001dd8b71d59,Kogende vand
4d872da0-33b8-11ef-a9aa-001dd8b71d59,Cashewnødder
4d872de9-33b8-11ef-a9aa-001dd8b71d59,Tørrede abrikoser
4d872e33-33b8-11ef-a9aa-001dd8b71d59,Skyr
4d872e80-33b8-11ef-a9aa-001dd8b71d59,Æblecidereddike
4d872ecc-33b8-11ef-a9aa-001dd8b71d59,Fint himalayasalt 
4d872f18-33b8-11ef-a9aa-001dd8b71d59,Speltmel
4d872f65-33b8-11ef-a9aa-001dd8b71d59,Krydderurtesmør
4d872fb2-33b8-11ef-a9aa-001dd8b71d59,Gulerødder
4d873189-33b8-11ef-a9aa-001dd8b71d59,Havregryn
